gender,mean,lower,upper
Female,0.5441475629511162,0.5149872698281049,0.5732859463818322
Male,0.4592717429494548,0.4305151883680089,0.4889100079227076
