hispanic,mean,lower,upper
Hispanic,0.5878912369158095,0.5399531355609158,0.6351337542483911
Not Hispanic,0.491467362472491,0.46892236020709144,0.5145931007882448
